experiment,config_name,stack_types,period,frequency,forecast_length,backcast_length,n_stacks,n_blocks_per_stack,share_weights,run,seed,smape,mase,mae,mse,owa,n_params,training_time_seconds,epochs_trained,active_g,sum_losses,activation
convergence_study,Generic10_activeG,['Generic'],Weather-96,144,96,192,10,1,True,0,2047897946,64.197906,1.137569,11.942057,1347.580811,nan,10342400,1167.64,11,True,False,ReLU
convergence_study,Generic10_sumLosses,['Generic'],Weather-96,144,96,192,10,1,True,0,2048244318,66.778198,1.081921,16.722048,2989.093506,nan,10342400,1326.15,13,False,True,ReLU
convergence_study,Generic10_baseline,['Generic'],Weather-96,144,96,192,10,1,True,0,614153295,64.391136,0.993491,12.533105,1305.781250,nan,10342400,1408.63,13,False,False,ReLU
convergence_study,Generic10_activeG,['Generic'],Weather-96,144,96,192,10,1,True,1,543250938,62.922710,1.115296,13.475662,1679.991455,nan,10342400,1160.49,11,True,False,ReLU
convergence_study,Generic10_sumLosses,['Generic'],Weather-96,144,96,192,10,1,True,1,1354436401,67.125870,1.798440,21.437098,3103.508545,nan,10342400,1244.78,12,False,True,ReLU
convergence_study,Generic10_activeG+sumL,['Generic'],Weather-96,144,96,192,10,1,True,0,74797379,65.612144,0.985934,14.413539,1599.549683,nan,10342400,2767.11,27,True,True,ReLU
convergence_study,Generic10_baseline,['Generic'],Weather-96,144,96,192,10,1,True,1,372418528,65.505234,1.163558,14.685795,1469.547974,nan,10342400,1437.72,13,False,False,ReLU
convergence_study,Generic10_activeG,['Generic'],Weather-96,144,96,192,10,1,True,2,346992475,66.759598,1.444043,15.237040,1864.767334,nan,10342400,1115.19,11,True,False,ReLU
convergence_study,Generic10_sumLosses,['Generic'],Weather-96,144,96,192,10,1,True,2,964367931,67.168373,1.507445,18.790396,2408.125977,nan,10342400,1246.48,12,False,True,ReLU
convergence_study,Generic10_baseline,['Generic'],Weather-96,144,96,192,10,1,True,2,50607308,65.342003,1.136393,18.331301,2719.804688,nan,10342400,1156.36,11,False,False,ReLU
convergence_study,Generic10_activeG+sumL,['Generic'],Weather-96,144,96,192,10,1,True,1,1283262872,64.799217,1.226732,13.803773,1604.276855,nan,10342400,1566.51,15,True,True,ReLU
convergence_study,Generic10_activeG,['Generic'],Weather-96,144,96,192,10,1,True,3,421676424,66.463867,1.106040,13.373167,1768.142212,nan,10342400,1119.29,11,True,False,ReLU
convergence_study,Generic10_baseline,['Generic'],Weather-96,144,96,192,10,1,True,3,1094707103,64.615181,1.006027,14.056382,1577.800293,nan,10342400,1279.36,12,False,False,ReLU
convergence_study,Generic10_activeG,['Generic'],Weather-96,144,96,192,10,1,True,4,1039842071,63.209133,1.199690,16.943930,2312.901367,nan,10342400,1155.39,11,True,False,ReLU
convergence_study,Generic10_sumLosses,['Generic'],Weather-96,144,96,192,10,1,True,3,822163754,65.973976,1.510963,18.017118,2253.884521,nan,10342400,2106.43,20,False,True,ReLU
convergence_study,Generic10_baseline,['Generic'],Weather-96,144,96,192,10,1,True,4,2103136176,65.524193,1.093631,20.294680,2775.310303,nan,10342400,1200.77,11,False,False,ReLU
convergence_study,Generic10_activeG,['Generic'],Weather-96,144,96,192,10,1,True,5,587299546,64.962334,1.169318,14.609259,1801.916260,nan,10342400,1162.45,11,True,False,ReLU
convergence_study,Generic10_sumLosses,['Generic'],Weather-96,144,96,192,10,1,True,4,1853867620,66.627907,1.084887,16.394293,2570.278076,nan,10342400,1165.27,11,False,True,ReLU
convergence_study,Generic10_baseline,['Generic'],Weather-96,144,96,192,10,1,True,5,1479572429,65.256866,1.126469,15.181895,1279.750854,nan,10342400,1374.21,13,False,False,ReLU
convergence_study,Generic10_activeG+sumL,['Generic'],Weather-96,144,96,192,10,1,True,2,792167882,64.807144,1.704626,15.609982,1699.218506,nan,10342400,3746.73,37,True,True,ReLU
convergence_study,Generic10_activeG,['Generic'],Weather-96,144,96,192,10,1,True,6,1352709014,63.741493,1.119293,12.607885,1415.490601,nan,10342400,1201.82,11,True,False,ReLU
convergence_study,Generic10_sumLosses,['Generic'],Weather-96,144,96,192,10,1,True,5,1149166917,67.726425,1.564795,18.528067,2422.847900,nan,10342400,1717.89,16,False,True,ReLU
convergence_study,Generic10_baseline,['Generic'],Weather-96,144,96,192,10,1,True,6,219804254,65.959457,0.995842,14.640935,1985.292236,nan,10342400,1458.81,14,False,False,ReLU
convergence_study,Generic10_activeG,['Generic'],Weather-96,144,96,192,10,1,True,7,947001180,64.661484,1.099487,11.677112,1027.135254,nan,10342400,1389.59,13,True,False,ReLU
convergence_study,Generic10_sumLosses,['Generic'],Weather-96,144,96,192,10,1,True,6,1979686821,67.090721,1.204866,16.234665,2254.576416,nan,10342400,1484.54,14,False,True,ReLU
convergence_study,Generic10_baseline,['Generic'],Weather-96,144,96,192,10,1,True,7,551939405,66.051064,1.179273,16.102833,2097.878418,nan,10342400,1228.05,12,False,False,ReLU
convergence_study,Generic10_activeG,['Generic'],Weather-96,144,96,192,10,1,True,8,2050574384,62.255383,0.986904,13.211713,1399.021362,nan,10342400,1391.13,13,True,False,ReLU
convergence_study,Generic10_activeG+sumL,['Generic'],Weather-96,144,96,192,10,1,True,3,1045019008,57.311249,1.471867,17.101917,2494.556396,nan,10342400,3156.20,31,True,True,ReLU
convergence_study,Generic10_sumLosses,['Generic'],Weather-96,144,96,192,10,1,True,7,371050282,67.316238,1.479683,16.071795,2345.488037,nan,10342400,1235.58,12,False,True,ReLU
convergence_study,Generic10_baseline,['Generic'],Weather-96,144,96,192,10,1,True,8,1315079459,65.015587,1.292015,27.007055,6121.242676,nan,10342400,1337.59,13,False,False,ReLU
convergence_study,Generic10_activeG,['Generic'],Weather-96,144,96,192,10,1,True,9,502235220,63.223774,1.136799,12.203589,1079.680786,nan,10342400,1413.09,13,True,False,ReLU
convergence_study,Generic10_sumLosses,['Generic'],Weather-96,144,96,192,10,1,True,8,207407459,66.736565,1.536716,20.282539,3113.278809,nan,10342400,1261.23,12,False,True,ReLU
convergence_study,Generic10_baseline,['Generic'],Weather-96,144,96,192,10,1,True,9,135366496,66.091576,1.182610,18.385168,2299.554199,nan,10342400,1236.25,12,False,False,ReLU
convergence_study,Generic10_activeG,['Generic'],Weather-96,144,96,192,10,1,True,10,848243987,60.774464,0.980359,10.875201,1089.075073,nan,10342400,1379.92,13,True,False,ReLU
convergence_study,Generic10_activeG+sumL,['Generic'],Weather-96,144,96,192,10,1,True,4,1725571252,61.951099,1.155313,14.716990,1739.251953,nan,10342400,2645.55,26,True,True,ReLU
convergence_study,Generic10_sumLosses,['Generic'],Weather-96,144,96,192,10,1,True,9,600476722,66.907974,1.948751,19.765881,2830.743408,nan,10342400,1689.86,16,False,True,ReLU
convergence_study,Generic10_baseline,['Generic'],Weather-96,144,96,192,10,1,True,10,1883291162,66.103676,1.307987,29.427080,8288.967773,nan,10342400,1690.51,16,False,False,ReLU
convergence_study,Generic10_activeG,['Generic'],Weather-96,144,96,192,10,1,True,11,1431431858,65.984901,1.123055,14.908202,2096.467285,nan,10342400,1200.56,11,True,False,ReLU
convergence_study,Generic10_activeG+sumL,['Generic'],Weather-96,144,96,192,10,1,True,5,1081992996,60.748356,1.131122,20.293997,3164.020996,nan,10342400,1927.00,19,True,True,ReLU
convergence_study,Generic10_sumLosses,['Generic'],Weather-96,144,96,192,10,1,True,10,1430984521,67.007462,1.401736,16.772223,2796.047607,nan,10342400,1480.86,14,False,True,ReLU
convergence_study,Generic10_activeG,['Generic'],Weather-96,144,96,192,10,1,True,12,69881677,65.276810,1.117636,12.955207,1606.083618,nan,10342400,1200.71,11,True,False,ReLU
convergence_study,Generic10_baseline,['Generic'],Weather-96,144,96,192,10,1,True,11,545906297,65.247765,1.218391,20.438782,2968.100830,nan,10342400,1251.21,12,False,False,ReLU
convergence_study,Generic10_sumLosses,['Generic'],Weather-96,144,96,192,10,1,True,11,425220507,66.813919,1.251226,16.448551,2654.712402,nan,10342400,1251.29,12,False,True,ReLU
convergence_study,Generic10_baseline,['Generic'],Weather-96,144,96,192,10,1,True,12,316245875,66.389221,1.237374,15.963245,2301.907959,nan,10342400,1153.95,11,False,False,ReLU
convergence_study,Generic10_activeG,['Generic'],Weather-96,144,96,192,10,1,True,13,1278700997,66.355949,1.554022,15.599235,1845.252686,nan,10342400,1204.81,11,True,False,ReLU
convergence_study,Generic10_activeG+sumL,['Generic'],Weather-96,144,96,192,10,1,True,6,584442676,64.083977,1.225643,11.756211,1324.643433,nan,10342400,2391.92,22,True,True,ReLU
convergence_study,Generic10_activeG,['Generic'],Weather-96,144,96,192,10,1,True,14,1481381928,63.077526,1.030749,11.461913,1228.597656,nan,10342400,1281.88,12,True,False,ReLU
convergence_study,Generic10_sumLosses,['Generic'],Weather-96,144,96,192,10,1,True,12,1886976986,66.343323,1.301668,16.375507,2169.937988,nan,10342400,1397.84,13,False,True,ReLU
convergence_study,Generic10_baseline,['Generic'],Weather-96,144,96,192,10,1,True,13,1559430315,66.078278,1.197891,20.503044,3176.974365,nan,10342400,1804.04,17,False,False,ReLU
convergence_study,Generic10_activeG,['Generic'],Weather-96,144,96,192,10,1,True,15,433033634,64.959465,1.290230,15.409564,1835.468872,nan,10342400,1160.69,11,True,False,ReLU
convergence_study,Generic10_sumLosses,['Generic'],Weather-96,144,96,192,10,1,True,13,1181554083,68.043900,1.582815,16.459423,2380.329346,nan,10342400,1357.55,13,False,True,ReLU
convergence_study,Generic10_baseline,['Generic'],Weather-96,144,96,192,10,1,True,14,714671299,65.173668,0.976325,14.089469,1809.830322,nan,10342400,1357.65,13,False,False,ReLU
convergence_study,Generic10_activeG+sumL,['Generic'],Weather-96,144,96,192,10,1,True,7,2074455248,63.829624,1.182010,13.580993,1448.496826,nan,10342400,2531.84,23,True,True,ReLU
convergence_study,Generic10_activeG,['Generic'],Weather-96,144,96,192,10,1,True,16,1806196255,63.100468,1.117559,10.773586,1141.977417,nan,10342400,1398.68,13,True,False,ReLU
convergence_study,Generic10_sumLosses,['Generic'],Weather-96,144,96,192,10,1,True,14,640725364,66.300789,1.170098,16.505962,2635.260742,nan,10342400,1176.30,11,False,True,ReLU
convergence_study,Generic10_baseline,['Generic'],Weather-96,144,96,192,10,1,True,15,900355267,64.699768,1.069050,15.572189,2111.872314,nan,10342400,1265.63,12,False,False,ReLU
convergence_study,Generic10_sumLosses,['Generic'],Weather-96,144,96,192,10,1,True,15,1472803480,68.942955,2.744772,30.038330,6354.588379,nan,10342400,1145.12,11,False,True,ReLU
convergence_study,Generic10_activeG,['Generic'],Weather-96,144,96,192,10,1,True,17,1580449467,64.692886,1.164556,12.361086,1202.572754,nan,10342400,1281.91,12,True,False,ReLU
convergence_study,Generic10_activeG+sumL,['Generic'],Weather-96,144,96,192,10,1,True,8,1390106345,64.739777,1.474921,18.134575,2347.845947,nan,10342400,1846.08,17,True,True,ReLU
convergence_study,Generic10_baseline,['Generic'],Weather-96,144,96,192,10,1,True,16,1421743327,64.296280,1.029962,13.792362,1551.058350,nan,10342400,1254.82,12,False,False,ReLU
convergence_study,Generic10_sumLosses,['Generic'],Weather-96,144,96,192,10,1,True,16,295311832,68.068466,2.013412,22.781773,13614.487305,nan,10342400,1162.45,11,False,True,ReLU
convergence_study,Generic10_activeG,['Generic'],Weather-96,144,96,192,10,1,True,18,1165417298,64.368416,1.131515,11.233148,1150.065674,nan,10342400,1389.77,13,True,False,ReLU
convergence_study,Generic10_baseline,['Generic'],Weather-96,144,96,192,10,1,True,17,1114686901,65.582375,1.112365,16.359058,2402.581055,nan,10342400,1164.28,11,False,False,ReLU
convergence_study,Generic10_sumLosses,['Generic'],Weather-96,144,96,192,10,1,True,17,1998723040,66.753235,1.400456,18.279421,2366.165771,nan,10342400,1341.81,13,False,True,ReLU
convergence_study,Generic10_activeG+sumL,['Generic'],Weather-96,144,96,192,10,1,True,9,898887213,66.292168,1.223870,14.254608,1899.267700,nan,10342400,2244.79,21,True,True,ReLU
convergence_study,Generic10_activeG,['Generic'],Weather-96,144,96,192,10,1,True,19,736574600,65.524696,1.117309,14.206268,1720.146362,nan,10342400,1183.18,11,True,False,ReLU
convergence_study,Generic10_sumLosses,['Generic'],Weather-96,144,96,192,10,1,True,18,1016563864,67.043915,1.177991,16.685581,2444.594971,nan,10342400,1248.08,12,False,True,ReLU
convergence_study,Generic10_activeG,['Generic'],Weather-96,144,96,192,10,1,True,20,1082893456,63.570248,0.989722,12.435804,1328.544556,nan,10342400,1187.09,11,True,False,ReLU
convergence_study,Generic10_baseline,['Generic'],Weather-96,144,96,192,10,1,True,18,361679613,64.531403,1.113514,17.500235,2442.245117,nan,10342400,2107.27,20,False,False,ReLU
convergence_study,Generic10_baseline,['Generic'],Weather-96,144,96,192,10,1,True,19,1504361032,67.097160,1.661400,31.265491,7952.043457,nan,10342400,1266.40,12,False,False,ReLU
convergence_study,Generic10_activeG+sumL,['Generic'],Weather-96,144,96,192,10,1,True,10,483110975,63.771366,1.197096,20.423733,3103.727783,nan,10342400,3077.84,29,True,True,ReLU
convergence_study,Generic10_sumLosses,['Generic'],Weather-96,144,96,192,10,1,True,19,1121310999,66.384201,1.832218,22.347750,2855.195068,nan,10342400,1887.98,18,False,True,ReLU
convergence_study,Generic10_activeG,['Generic'],Weather-96,144,96,192,10,1,True,21,826833400,54.712601,0.866265,10.215746,1252.285889,nan,10342400,1797.49,17,True,False,ReLU
convergence_study,Generic10_baseline,['Generic'],Weather-96,144,96,192,10,1,True,20,617540312,67.781372,1.353448,19.911734,2712.598389,nan,10342400,1262.87,12,False,False,ReLU
convergence_study,Generic10_sumLosses,['Generic'],Weather-96,144,96,192,10,1,True,20,742220856,67.188568,1.177575,15.784000,2364.348877,nan,10342400,1200.71,11,False,True,ReLU
convergence_study,Generic10_activeG,['Generic'],Weather-96,144,96,192,10,1,True,22,1058055595,64.665726,1.143680,12.687161,1055.077271,nan,10342400,1570.86,15,True,False,ReLU
convergence_study,Generic10_baseline,['Generic'],Weather-96,144,96,192,10,1,True,21,1468863814,64.207558,1.193165,18.660803,2676.513184,nan,10342400,1466.22,14,False,False,ReLU
convergence_study,Generic10_activeG+sumL,['Generic'],Weather-96,144,96,192,10,1,True,11,1277087744,65.201851,1.179724,15.993927,2128.982666,nan,10342400,2330.69,22,True,True,ReLU
convergence_study,Generic10_sumLosses,['Generic'],Weather-96,144,96,192,10,1,True,21,999971752,65.554100,1.203939,15.231502,1866.638550,nan,10342400,1287.12,12,False,True,ReLU
convergence_study,Generic10_activeG,['Generic'],Weather-96,144,96,192,10,1,True,23,1251698830,64.110878,1.227029,14.443433,1748.573730,nan,10342400,1169.56,11,True,False,ReLU
convergence_study,Generic10_baseline,['Generic'],Weather-96,144,96,192,10,1,True,22,1062175308,65.599464,1.198342,14.450646,1939.884033,nan,10342400,1376.61,13,False,False,ReLU
convergence_study,Generic10_activeG+sumL,['Generic'],Weather-96,144,96,192,10,1,True,12,1212102007,63.917904,1.158333,14.946269,1737.412231,nan,10342400,1473.72,14,True,True,ReLU
convergence_study,Generic10_activeG,['Generic'],Weather-96,144,96,192,10,1,True,24,1350434102,63.926804,1.016527,11.982589,1403.948486,nan,10342400,1159.53,11,True,False,ReLU
convergence_study,Generic10_baseline,['Generic'],Weather-96,144,96,192,10,1,True,23,64324552,65.412575,1.019593,15.546674,2346.890137,nan,10342400,1156.50,11,False,False,ReLU
convergence_study,Generic10_activeG,['Generic'],Weather-96,144,96,192,10,1,True,25,352378511,64.155403,1.158487,13.242208,1399.370972,nan,10342400,1150.92,11,True,False,ReLU
convergence_study,Generic10_activeG+sumL,['Generic'],Weather-96,144,96,192,10,1,True,13,974364315,62.599171,1.062409,12.874326,1221.607666,nan,10342400,1737.34,16,True,True,ReLU
convergence_study,Generic10_baseline,['Generic'],Weather-96,144,96,192,10,1,True,24,71094584,66.288300,1.173380,17.110094,2348.121338,nan,10342400,1141.53,11,False,False,ReLU
convergence_study,Generic10_activeG,['Generic'],Weather-96,144,96,192,10,1,True,26,600354638,65.187454,1.196420,15.965855,2263.446289,nan,10342400,1136.08,11,True,False,ReLU
convergence_study,Generic10_baseline,['Generic'],Weather-96,144,96,192,10,1,True,25,2077660090,64.381828,1.093384,11.633991,1014.401123,nan,10342400,1260.94,12,False,False,ReLU
convergence_study,Generic10_activeG,['Generic'],Weather-96,144,96,192,10,1,True,27,1542125181,64.164391,1.231254,11.916920,1136.041016,nan,10342400,1250.21,12,True,False,ReLU
convergence_study,Generic10_sumLosses,['Generic'],Weather-96,144,96,192,10,1,True,22,1871032017,67.009537,1.449082,16.338106,2421.341309,nan,10342400,5136.94,48,False,True,ReLU
convergence_study,Generic10_baseline,['Generic'],Weather-96,144,96,192,10,1,True,26,457379445,64.958694,1.059062,14.150694,1578.520386,nan,10342400,1262.82,12,False,False,ReLU
convergence_study,Generic10_activeG+sumL,['Generic'],Weather-96,144,96,192,10,1,True,14,1206933152,60.849537,1.628257,16.003428,2165.170166,nan,10342400,3129.86,29,True,True,ReLU
convergence_study,Generic10_activeG,['Generic'],Weather-96,144,96,192,10,1,True,28,2028674770,64.062218,1.051913,12.260234,1269.984741,nan,10342400,1261.21,12,True,False,ReLU
convergence_study,Generic10_sumLosses,['Generic'],Weather-96,144,96,192,10,1,True,23,1740015140,66.400223,1.413569,17.679033,2593.402100,nan,10342400,1476.54,14,False,True,ReLU
convergence_study,Generic10_baseline,['Generic'],Weather-96,144,96,192,10,1,True,27,100616446,65.162506,1.067203,15.495908,1808.141724,nan,10342400,1494.48,14,False,False,ReLU
convergence_study,Generic10_activeG+sumL,['Generic'],Weather-96,144,96,192,10,1,True,15,230075840,65.203728,1.326903,13.077365,1478.629150,nan,10342400,1720.09,16,True,True,ReLU
convergence_study,Generic10_activeG,['Generic'],Weather-96,144,96,192,10,1,True,29,533413344,64.666344,1.127993,20.179085,3622.322021,nan,10342400,1972.81,19,True,False,ReLU
convergence_study,Generic10_sumLosses,['Generic'],Weather-96,144,96,192,10,1,True,24,1047536709,67.718224,1.654887,18.467081,2593.232178,nan,10342400,1617.07,15,False,True,ReLU
convergence_study,Generic10_baseline,['Generic'],Weather-96,144,96,192,10,1,True,28,344253359,64.289703,1.219035,23.595249,3642.280518,nan,10342400,1577.54,15,False,False,ReLU
convergence_study,Generic10_activeG,['Generic'],Weather-96,144,96,192,10,1,True,30,955319665,64.899040,1.275621,13.554946,1621.242554,nan,10342400,1176.26,11,True,False,ReLU
convergence_study,Generic10_baseline,['Generic'],Weather-96,144,96,192,10,1,True,29,1663138660,64.821075,1.041897,13.086664,1471.251831,nan,10342400,1258.80,12,False,False,ReLU
convergence_study,Generic10_sumLosses,['Generic'],Weather-96,144,96,192,10,1,True,25,1512219223,67.336174,2463.208099,83.354057,163755.406250,nan,10342400,2142.15,20,False,True,ReLU
convergence_study,Generic10_activeG,['Generic'],Weather-96,144,96,192,10,1,True,31,838993973,63.564034,1.103620,13.566314,1332.242065,nan,10342400,1272.55,12,True,False,ReLU
convergence_study,Generic10_baseline,['Generic'],Weather-96,144,96,192,10,1,True,30,813410207,65.107727,1.164382,16.862471,2500.049316,nan,10342400,1157.13,11,False,False,ReLU
convergence_study,Generic10_activeG,['Generic'],Weather-96,144,96,192,10,1,True,32,2110325480,63.040424,1.084737,12.212964,1431.417603,nan,10342400,1255.25,12,True,False,ReLU
convergence_study,Generic10_activeG+sumL,['Generic'],Weather-96,144,96,192,10,1,True,16,725162318,56.669678,1.023882,12.445525,1206.610474,nan,10342400,4031.62,38,True,True,ReLU
convergence_study,Generic10_sumLosses,['Generic'],Weather-96,144,96,192,10,1,True,26,558595387,66.979805,1.297582,18.976171,2852.213379,nan,10342400,1924.00,18,False,True,ReLU
convergence_study,Generic10_baseline,['Generic'],Weather-96,144,96,192,10,1,True,31,1945749554,64.634895,1.209283,17.107441,2217.116699,nan,10342400,1363.52,13,False,False,ReLU
convergence_study,Generic10_activeG,['Generic'],Weather-96,144,96,192,10,1,True,33,2001963380,64.639786,1.207698,13.315611,1350.614624,nan,10342400,1157.64,11,True,False,ReLU
convergence_study,Generic10_sumLosses,['Generic'],Weather-96,144,96,192,10,1,True,27,737008293,67.032913,1.395732,17.620893,2536.952148,nan,10342400,1667.49,16,False,True,ReLU
convergence_study,Generic10_baseline,['Generic'],Weather-96,144,96,192,10,1,True,32,1644185952,64.469772,1.031988,12.824363,1266.513306,nan,10342400,1264.50,12,False,False,ReLU
convergence_study,Generic10_activeG,['Generic'],Weather-96,144,96,192,10,1,True,34,1642465823,63.645363,1.070126,11.396046,962.101257,nan,10342400,1255.00,12,True,False,ReLU
convergence_study,Generic10_activeG+sumL,['Generic'],Weather-96,144,96,192,10,1,True,17,1951868420,65.043571,1.097901,15.453401,2113.338135,nan,10342400,3400.16,32,True,True,ReLU
convergence_study,Generic10_baseline,['Generic'],Weather-96,144,96,192,10,1,True,33,1061951590,65.011391,1.005428,13.844016,1741.259277,nan,10342400,1259.26,12,False,False,ReLU
convergence_study,Generic10_sumLosses,['Generic'],Weather-96,144,96,192,10,1,True,28,1991110077,67.258224,1.638046,17.476561,2523.514893,nan,10342400,1378.95,13,False,True,ReLU
convergence_study,Generic10_activeG,['Generic'],Weather-96,144,96,192,10,1,True,35,873008805,64.620483,1.182844,13.849347,1726.525024,nan,10342400,1146.33,11,True,False,ReLU
convergence_study,Generic10_baseline,['Generic'],Weather-96,144,96,192,10,1,True,34,1580080239,65.393417,1.028567,14.887094,2158.944580,nan,10342400,1275.16,12,False,False,ReLU
convergence_study,Generic10_sumLosses,['Generic'],Weather-96,144,96,192,10,1,True,29,1012892841,66.903687,1.275315,18.912752,2847.456543,nan,10342400,1257.34,12,False,True,ReLU
convergence_study,Generic10_activeG,['Generic'],Weather-96,144,96,192,10,1,True,36,1115826455,63.919735,1.055070,12.731009,1419.569702,nan,10342400,1141.00,11,True,False,ReLU
convergence_study,Generic10_sumLosses,['Generic'],Weather-96,144,96,192,10,1,True,30,1554669401,66.596687,1.254082,16.583437,2528.987549,nan,10342400,1171.81,11,False,True,ReLU
convergence_study,Generic10_activeG,['Generic'],Weather-96,144,96,192,10,1,True,37,234422172,63.016857,1.180310,11.932104,1210.962280,nan,10342400,1242.28,12,True,False,ReLU
convergence_study,Generic10_baseline,['Generic'],Weather-96,144,96,192,10,1,True,35,1182847527,64.291176,1.030735,13.216941,1568.649292,nan,10342400,1455.77,14,False,False,ReLU
convergence_study,Generic10_activeG+sumL,['Generic'],Weather-96,144,96,192,10,1,True,18,681290121,61.762207,0.991924,12.796556,1215.596069,nan,10342400,3540.85,33,True,True,ReLU
convergence_study,Generic10_activeG,['Generic'],Weather-96,144,96,192,10,1,True,38,680866530,62.492023,1.143442,11.790796,1218.136963,nan,10342400,1154.97,11,True,False,ReLU
convergence_study,Generic10_baseline,['Generic'],Weather-96,144,96,192,10,1,True,36,1979773876,66.213539,1.188328,15.513026,2374.858887,nan,10342400,1257.16,12,False,False,ReLU
convergence_study,Generic10_sumLosses,['Generic'],Weather-96,144,96,192,10,1,True,31,1463155632,66.434967,1.235922,17.564516,2153.956299,nan,10342400,2111.33,20,False,True,ReLU
convergence_study,Generic10_activeG,['Generic'],Weather-96,144,96,192,10,1,True,39,2072003106,62.314884,1.329523,13.845097,1482.573853,nan,10342400,1151.86,11,True,False,ReLU
convergence_study,Generic10_activeG+sumL,['Generic'],Weather-96,144,96,192,10,1,True,19,1452011280,64.090355,1.292945,15.539261,2054.541992,nan,10342400,1422.01,13,True,True,ReLU
convergence_study,Generic10_baseline,['Generic'],Weather-96,144,96,192,10,1,True,37,1141012315,64.499077,1.074474,12.073976,1203.114136,nan,10342400,1268.36,12,False,False,ReLU
convergence_study,Generic10_sumLosses,['Generic'],Weather-96,144,96,192,10,1,True,32,2017103037,66.999321,1.148782,16.897818,2491.227295,nan,10342400,1274.35,12,False,True,ReLU
convergence_study,Generic10_activeG,['Generic'],Weather-96,144,96,192,10,1,True,40,1170765907,65.303490,1.236312,13.359100,1618.479370,nan,10342400,1155.58,11,True,False,ReLU
convergence_study,Generic10_baseline,['Generic'],Weather-96,144,96,192,10,1,True,38,367739878,65.828300,1.076555,15.616982,2118.700195,nan,10342400,1165.92,11,False,False,ReLU
convergence_study,Generic10_sumLosses,['Generic'],Weather-96,144,96,192,10,1,True,33,1786782690,67.209801,1.396957,18.274899,3164.450195,nan,10342400,1247.67,12,False,True,ReLU
convergence_study,Generic10_activeG,['Generic'],Weather-96,144,96,192,10,1,True,41,1172123788,64.432648,1.087983,13.364276,1607.614624,nan,10342400,1179.26,11,True,False,ReLU
convergence_study,Generic10_activeG+sumL,['Generic'],Weather-96,144,96,192,10,1,True,20,1587951379,65.170273,1.341592,15.053912,1741.732788,nan,10342400,2511.19,24,True,True,ReLU
convergence_study,Generic10_baseline,['Generic'],Weather-96,144,96,192,10,1,True,39,1089265277,66.250900,1.185273,14.698922,1853.538696,nan,10342400,1191.13,11,False,False,ReLU
convergence_study,Generic10_activeG,['Generic'],Weather-96,144,96,192,10,1,True,42,55432006,64.694862,1.103408,13.199635,1614.687256,nan,10342400,1187.07,11,True,False,ReLU
convergence_study,Generic10_sumLosses,['Generic'],Weather-96,144,96,192,10,1,True,34,1142864239,66.689209,1.494508,17.685011,2709.698975,nan,10342400,1388.89,13,False,True,ReLU
convergence_study,Generic10_baseline,['Generic'],Weather-96,144,96,192,10,1,True,40,639881387,65.079620,1.254117,15.310645,1428.413452,nan,10342400,1266.93,12,False,False,ReLU
convergence_study,Generic10_activeG,['Generic'],Weather-96,144,96,192,10,1,True,43,2120819901,64.432922,1.116437,13.297975,1579.613037,nan,10342400,1150.34,11,True,False,ReLU
convergence_study,Generic10_sumLosses,['Generic'],Weather-96,144,96,192,10,1,True,35,1048586450,67.189049,1.306979,20.864124,3256.556152,nan,10342400,1382.75,13,False,True,ReLU
convergence_study,Generic10_baseline,['Generic'],Weather-96,144,96,192,10,1,True,41,1467655344,67.356476,1.203325,17.448748,2611.892822,nan,10342400,1193.10,11,False,False,ReLU
convergence_study,Generic10_activeG,['Generic'],Weather-96,144,96,192,10,1,True,44,998856824,64.055130,1.204252,14.391878,1862.046631,nan,10342400,1156.59,11,True,False,ReLU
convergence_study,Generic10_sumLosses,['Generic'],Weather-96,144,96,192,10,1,True,36,1549840074,66.622620,1.233358,16.510410,2475.222412,nan,10342400,1706.45,16,False,True,ReLU
convergence_study,Generic10_baseline,['Generic'],Weather-96,144,96,192,10,1,True,42,1710678916,64.127136,1.091353,19.699207,3209.261475,nan,10342400,1594.23,15,False,False,ReLU
convergence_study,Generic10_activeG,['Generic'],Weather-96,144,96,192,10,1,True,45,180753376,65.124229,1.206752,12.902289,1420.399658,nan,10342400,1143.47,11,True,False,ReLU
convergence_study,Generic10_activeG+sumL,['Generic'],Weather-96,144,96,192,10,1,True,21,893948213,61.889660,1.159456,16.834501,2539.669678,nan,10342400,4562.09,44,True,True,ReLU
convergence_study,Generic10_baseline,['Generic'],Weather-96,144,96,192,10,1,True,43,143150722,66.181313,1.219036,15.873204,2594.282715,nan,10342400,1197.13,11,False,False,ReLU
convergence_study,Generic10_sumLosses,['Generic'],Weather-96,144,96,192,10,1,True,37,1539032059,66.206429,1.301438,16.913486,2234.719238,nan,10342400,1385.00,13,False,True,ReLU
convergence_study,Generic10_activeG,['Generic'],Weather-96,144,96,192,10,1,True,46,2121979871,62.914787,1.097361,12.268417,1140.745483,nan,10342400,1250.14,12,True,False,ReLU
convergence_study,Generic10_sumLosses,['Generic'],Weather-96,144,96,192,10,1,True,38,1399613076,67.259354,1.650681,16.906439,2410.922852,nan,10342400,1158.44,11,False,True,ReLU
convergence_study,Generic10_activeG,['Generic'],Weather-96,144,96,192,10,1,True,47,1950549290,64.892601,1.066212,14.119407,1788.242676,nan,10342400,1141.76,11,True,False,ReLU
convergence_study,Generic10_baseline,['Generic'],Weather-96,144,96,192,10,1,True,44,507330879,63.734596,1.181584,18.329258,2219.593994,nan,10342400,1373.60,13,False,False,ReLU
convergence_study,Generic10_activeG+sumL,['Generic'],Weather-96,144,96,192,10,1,True,22,1473553076,62.210476,1.062928,12.060896,1528.235596,nan,10342400,2729.30,26,True,True,ReLU
convergence_study,Generic10_activeG,['Generic'],Weather-96,144,96,192,10,1,True,48,259427650,60.914879,1.033782,11.954459,1141.844238,nan,10342400,1367.52,13,True,False,ReLU
convergence_study,Generic10_sumLosses,['Generic'],Weather-96,144,96,192,10,1,True,39,171581048,67.671715,1.309571,17.139160,2525.717773,nan,10342400,1492.09,14,False,True,ReLU
convergence_study,Generic10_baseline,['Generic'],Weather-96,144,96,192,10,1,True,45,1321509318,65.994019,1.243755,22.156343,3073.135498,nan,10342400,1624.52,15,False,False,ReLU
convergence_study,Generic10_activeG+sumL,['Generic'],Weather-96,144,96,192,10,1,True,23,34949518,64.624542,1.392311,13.649673,1292.474487,nan,10342400,1848.27,18,True,True,ReLU
convergence_study,Generic10_activeG,['Generic'],Weather-96,144,96,192,10,1,True,49,534461664,63.780499,1.030035,12.176472,1293.814087,nan,10342400,1274.88,12,True,False,ReLU
convergence_study,Generic10_sumLosses,['Generic'],Weather-96,144,96,192,10,1,True,40,1442281695,66.261177,1.251973,16.620892,2342.615967,nan,10342400,1389.05,13,False,True,ReLU
convergence_study,Generic10_baseline,['Generic'],Weather-96,144,96,192,10,1,True,46,774753924,65.339294,1.100057,16.053720,2381.615479,nan,10342400,1261.03,12,False,False,ReLU
convergence_study,Generic10_sumLosses,['Generic'],Weather-96,144,96,192,10,1,True,41,798766836,66.181458,1.396743,18.626490,1937.172241,nan,10342400,1199.51,13,False,True,ReLU
convergence_study,Generic10_baseline,['Generic'],Weather-96,144,96,192,10,1,True,47,395480049,66.198639,1.096962,17.202410,2800.731934,nan,10342400,1197.47,13,False,False,ReLU
convergence_study,Generic10_activeG+sumL,['Generic'],Weather-96,144,96,192,10,1,True,24,903879314,63.124859,1.153016,13.616883,1615.426270,nan,10342400,2867.37,31,True,True,ReLU
convergence_study,Generic10_baseline,['Generic'],Weather-96,144,96,192,10,1,True,48,1078301269,64.668343,1.017349,15.008473,2050.396484,nan,10342400,1152.81,12,False,False,ReLU
convergence_study,Generic10_sumLosses,['Generic'],Weather-96,144,96,192,10,1,True,42,537845075,67.051849,1.869596,19.122967,2702.910156,nan,10342400,1540.68,17,False,True,ReLU
convergence_study,Generic10_baseline,['Generic'],Weather-96,144,96,192,10,1,True,49,1209142386,66.416245,1.160876,22.803234,4150.200684,nan,10342400,1085.10,12,False,False,ReLU
convergence_study,Generic10_sumLosses,['Generic'],Weather-96,144,96,192,10,1,True,43,192247285,66.981194,1.656169,17.861120,2358.667725,nan,10342400,1177.39,13,False,True,ReLU
convergence_study,Generic10_sumLosses,['Generic'],Weather-96,144,96,192,10,1,True,44,1070199805,65.896156,1.079657,17.393717,2426.825439,nan,10342400,1115.63,13,False,True,ReLU
convergence_study,Generic10_activeG+sumL,['Generic'],Weather-96,144,96,192,10,1,True,25,1884551742,64.026550,1.221752,17.805941,2710.446533,nan,10342400,3581.39,41,True,True,ReLU
convergence_study,Generic10_sumLosses,['Generic'],Weather-96,144,96,192,10,1,True,45,1484777404,65.447464,1.105489,16.285730,2338.524414,nan,10342400,1473.73,17,False,True,ReLU
convergence_study,Generic10_sumLosses,['Generic'],Weather-96,144,96,192,10,1,True,46,1189994936,67.963120,1.623474,32.179543,9417.808594,nan,10342400,1116.68,13,False,True,ReLU
convergence_study,Generic10_sumLosses,['Generic'],Weather-96,144,96,192,10,1,True,47,792042080,66.030937,1.156445,16.031647,2305.056885,nan,10342400,1390.04,16,False,True,ReLU
convergence_study,Generic10_activeG+sumL,['Generic'],Weather-96,144,96,192,10,1,True,26,118650811,60.549553,1.031832,12.454655,1342.031006,nan,10342400,2976.89,35,True,True,ReLU
convergence_study,Generic10_sumLosses,['Generic'],Weather-96,144,96,192,10,1,True,48,716704324,67.664597,1.251548,17.762564,2758.176514,nan,10342400,1075.40,12,False,True,ReLU
convergence_study,Generic10_activeG+sumL,['Generic'],Weather-96,144,96,192,10,1,True,27,1167538310,61.897476,1.195790,13.601083,1461.229736,nan,10342400,1944.50,23,True,True,ReLU
convergence_study,Generic10_sumLosses,['Generic'],Weather-96,144,96,192,10,1,True,49,1351743416,67.047295,1.418838,17.162193,3012.190430,nan,10342400,2973.49,34,False,True,ReLU
convergence_study,Generic10_activeG+sumL,['Generic'],Weather-96,144,96,192,10,1,True,28,1946107716,63.798107,1.110366,12.014877,1125.031616,nan,10342400,2309.06,27,True,True,ReLU
convergence_study,Generic10_activeG+sumL,['Generic'],Weather-96,144,96,192,10,1,True,29,201165234,64.197365,1.162942,13.716214,1681.670044,nan,10342400,2412.51,31,True,True,ReLU
convergence_study,Generic10_activeG+sumL,['Generic'],Weather-96,144,96,192,10,1,True,30,465149599,62.936550,1.172628,15.571533,1828.351807,nan,10342400,1805.43,23,True,True,ReLU
convergence_study,Generic10_activeG+sumL,['Generic'],Weather-96,144,96,192,10,1,True,31,858613931,62.883484,1.022090,14.164311,1380.338013,nan,10342400,2019.89,26,True,True,ReLU
convergence_study,Generic10_activeG+sumL,['Generic'],Weather-96,144,96,192,10,1,True,32,995731387,63.940685,1.024935,13.173889,1476.292603,nan,10342400,2094.22,27,True,True,ReLU
convergence_study,Generic10_activeG+sumL,['Generic'],Weather-96,144,96,192,10,1,True,33,32623613,66.193703,1.275469,15.992504,1362.769531,nan,10342400,1856.61,24,True,True,ReLU
convergence_study,Generic10_activeG+sumL,['Generic'],Weather-96,144,96,192,10,1,True,34,1800289920,63.600349,1.064941,13.875322,2299.034668,nan,10342400,1782.35,23,True,True,ReLU
convergence_study,Generic10_activeG+sumL,['Generic'],Weather-96,144,96,192,10,1,True,35,942495826,65.838226,1.699824,20.283373,2545.074463,nan,10342400,989.45,13,True,True,ReLU
convergence_study,Generic10_activeG+sumL,['Generic'],Weather-96,144,96,192,10,1,True,36,833416446,66.015320,1.216842,17.036413,2429.750000,nan,10342400,1080.68,14,True,True,ReLU
convergence_study,Generic10_activeG+sumL,['Generic'],Weather-96,144,96,192,10,1,True,37,1016543386,62.607140,1.034897,11.266485,1040.776489,nan,10342400,1079.65,14,True,True,ReLU
convergence_study,Generic10_activeG+sumL,['Generic'],Weather-96,144,96,192,10,1,True,38,529616602,66.993088,1.341045,16.429817,2305.639160,nan,10342400,1247.19,16,True,True,ReLU
convergence_study,Generic10_activeG+sumL,['Generic'],Weather-96,144,96,192,10,1,True,39,1754764220,62.962467,1.181274,15.085944,2239.688965,nan,10342400,2775.23,36,True,True,ReLU
convergence_study,Generic10_activeG+sumL,['Generic'],Weather-96,144,96,192,10,1,True,40,2041094620,64.135269,1.037669,11.439454,1177.654297,nan,10342400,2070.62,27,True,True,ReLU
convergence_study,Generic10_activeG+sumL,['Generic'],Weather-96,144,96,192,10,1,True,41,1203920660,65.284187,1.171245,15.892645,2313.654541,nan,10342400,1494.27,19,True,True,ReLU
convergence_study,Generic10_activeG+sumL,['Generic'],Weather-96,144,96,192,10,1,True,42,1857647846,64.780945,1.103347,11.375229,1177.451050,nan,10342400,2013.21,26,True,True,ReLU
convergence_study,Generic10_activeG+sumL,['Generic'],Weather-96,144,96,192,10,1,True,43,1798994756,63.668240,1.156027,11.718339,1169.276245,nan,10342400,1782.46,23,True,True,ReLU
convergence_study,Generic10_activeG+sumL,['Generic'],Weather-96,144,96,192,10,1,True,44,1239784223,62.122543,1.466033,12.692152,1627.058960,nan,10342400,1021.85,13,True,True,ReLU
convergence_study,Generic10_activeG+sumL,['Generic'],Weather-96,144,96,192,10,1,True,45,721635566,61.966873,1.129908,12.174862,1223.453979,nan,10342400,1882.31,24,True,True,ReLU
convergence_study,Generic10_activeG+sumL,['Generic'],Weather-96,144,96,192,10,1,True,46,683595885,65.775818,0.959182,14.826405,2195.648682,nan,10342400,1896.73,24,True,True,ReLU
convergence_study,Generic10_activeG+sumL,['Generic'],Weather-96,144,96,192,10,1,True,47,1214796995,65.039314,1.128559,13.180436,1658.358154,nan,10342400,1035.31,13,True,True,ReLU
convergence_study,Generic10_activeG+sumL,['Generic'],Weather-96,144,96,192,10,1,True,48,781330088,59.873230,1.005517,11.459665,974.773193,nan,10342400,3786.38,47,True,True,ReLU
convergence_study,Generic10_activeG+sumL,['Generic'],Weather-96,144,96,192,10,1,True,49,782488856,63.421665,1.104649,17.380260,2021.456299,nan,10342400,1908.01,24,True,True,ReLU
